<?xml version="1.0" encoding="utf-8" ?><dwsync><file name="index.html" server="192.185.79.146/public_html/" local="3626225404" remote="3626229000" Dst="-1" /><file name="style.css" server="192.185.79.146/public_html/" local="3625963948" remote="3625967520" Dst="-1" /><file name="contactAction.php" server="192.185.79.146/public_html/" local="3625271737" remote="3625275300" Dst="-1" /><file name="contact.html" server="192.185.79.146/public_html/" local="3625271674" remote="3625275240" Dst="-1" /><file name="gallery-modal.html" server="192.185.79.146/public_html/" local="3625273951" remote="3625277520" Dst="-1" /><file name="gallery-slider.html" server="192.185.79.146/public_html/" local="3626225255" remote="3626228820" Dst="-1" /><file name="video-template.html" server="192.185.79.146/public_html/" local="3625271787" remote="3625275360" Dst="-1" /><file name="icons.html" server="192.185.79.146/public_html/" local="3625962849" remote="3625966440" Dst="-1" /></dwsync>